<keymap version="1" name="MacOS Copy" parent="$default">
  <action id="ExportToTextFile" />
  <action id="Find">
    <keyboard-shortcut first-keystroke="alt f" />
  </action>
  <action id="FindInPath">
    <keyboard-shortcut first-keystroke="shift alt f" />
  </action>
  <action id="GotoClass">
    <keyboard-shortcut first-keystroke="alt n" />
  </action>
  <action id="GotoFile">
    <keyboard-shortcut first-keystroke="alt o" />
  </action>
  <action id="GotoLine">
    <keyboard-shortcut first-keystroke="alt l" />
  </action>
  <action id="RecentFiles">
    <keyboard-shortcut first-keystroke="alt e" />
  </action>
  <action id="SaveAll">
    <keyboard-shortcut first-keystroke="alt s" />
  </action>
  <action id="ShowProjectStructureSettings">
    <keyboard-shortcut first-keystroke="alt semicolon" />
  </action>
  <action id="ShowSettings">
    <keyboard-shortcut first-keystroke="alt comma" />
  </action>
  <action id="tasks.goto">
    <keyboard-shortcut first-keystroke="shift ctrl n" />
  </action>
</keymap>